{
  "spec": "HG+low_beta_amp",
  "bands": [
    [
      70,
      170
    ],
    [
      13,
      20
    ]
  ],
  "SSL_EPOCHS": 120,
  "TARGET_RATIO": 1.7,
  "MIN_PRED_FRAMES": 3,
  "SMOOTH_LOGP_W": 31,
  "source_dict": "phase_ab",
  "timestamp": "20260526_2144",
  "cohort": {
    "P21": {
      "match_rate": 0.2898550724637681,
      "z_match": -0.5061715961272367,
      "n2": 15,
      "n3": 0,
      "n4": 0,
      "uniq_n3": 0,
      "n3_total": 0,
      "n_pred": 543,
      "n_test": 483,
      "bonus": 9.5367431640625e-05
    },
    "P22": {
      "match_rate": 0.30700179533213645,
      "z_match": 2.259461211506242,
      "n2": 27,
      "n3": 5,
      "n4": 1,
      "uniq_n3": 4,
      "n3_total": 4,
      "n_pred": 617,
      "n_test": 557,
      "bonus": 9.5367431640625e-05
    },
    "P23": {
      "match_rate": 0.3178294573643411,
      "z_match": -1.0293110399225351,
      "n2": 20,
      "n3": 1,
      "n4": 0,
      "uniq_n3": 1,
      "n3_total": 1,
      "n_pred": 780,
      "n_test": 516,
      "bonus": 1.0252952575683594
    },
    "P24": {
      "match_rate": 0.3302540415704388,
      "z_match": 0.15449967386981106,
      "n2": 17,
      "n3": 3,
      "n4": 1,
      "uniq_n3": 2,
      "n3_total": 2,
      "n_pred": 623,
      "n_test": 433,
      "bonus": 9.5367431640625e-05
    },
    "P25": {
      "match_rate": 0.2916666666666667,
      "z_match": 1.7153365520213935,
      "n2": 22,
      "n3": 3,
      "n4": 2,
      "uniq_n3": 1,
      "n3_total": 1,
      "n_pred": 548,
      "n_test": 528,
      "bonus": 9.5367431640625e-05
    },
    "P26": {
      "match_rate": 0.3612565445026178,
      "z_match": 2.4755392440093016,
      "n2": 16,
      "n3": 1,
      "n4": 1,
      "uniq_n3": 0,
      "n3_total": 0,
      "n_pred": 501,
      "n_test": 382,
      "bonus": 9.5367431640625e-05
    },
    "P27": {
      "match_rate": 0.3339317773788151,
      "z_match": 0.9252932548183314,
      "n2": 22,
      "n3": 1,
      "n4": 0,
      "uniq_n3": 1,
      "n3_total": 1,
      "n_pred": 810,
      "n_test": 557,
      "bonus": 9.5367431640625e-05
    },
    "P28": {
      "match_rate": 0.3561643835616438,
      "z_match": 1.9588142543605664,
      "n2": 28,
      "n3": 3,
      "n4": 0,
      "uniq_n3": 3,
      "n3_total": 3,
      "n_pred": 788,
      "n_test": 584,
      "bonus": 9.5367431640625e-05
    },
    "P29": {
      "match_rate": 0.3518886679920477,
      "z_match": 0.23531494096424144,
      "n2": 18,
      "n3": 1,
      "n4": 0,
      "uniq_n3": 1,
      "n3_total": 1,
      "n_pred": 761,
      "n_test": 503,
      "bonus": 9.5367431640625e-05
    },
    "P30": {
      "match_rate": 0.36477987421383645,
      "z_match": 0.04835006663657259,
      "n2": 25,
      "n3": 3,
      "n4": 0,
      "uniq_n3": 3,
      "n3_total": 3,
      "n_pred": 851,
      "n_test": 477,
      "bonus": 0.016117095947265625
    }
  }
}