{
  "spec": "HG+low_beta",
  "bands": [
    [
      70,
      170
    ],
    [
      13,
      20
    ]
  ],
  "SSL_EPOCHS": 120,
  "TARGET_RATIO": 1.7,
  "MIN_PRED_FRAMES": 3,
  "SMOOTH_LOGP_W": 31,
  "cohort": {
    "P21": {
      "match_rate": 0.2898550724637681,
      "z_match": -0.5061715961272367,
      "n2": 15,
      "n3": 0,
      "n4": 0,
      "uniq_n3": 0,
      "n3_total": 0,
      "n_pred": 543,
      "n_test": 483,
      "bonus": 9.5367431640625e-05
    },
    "P22": {
      "match_rate": 0.2998204667863555,
      "z_match": 1.6747968495024887,
      "n2": 24,
      "n3": 5,
      "n4": 1,
      "uniq_n3": 4,
      "n3_total": 4,
      "n_pred": 613,
      "n_test": 557,
      "bonus": 9.5367431640625e-05
    },
    "P23": {
      "match_rate": 0.31976744186046513,
      "z_match": -0.8812853002981026,
      "n2": 20,
      "n3": 1,
      "n4": 0,
      "uniq_n3": 1,
      "n3_total": 1,
      "n_pred": 780,
      "n_test": 516,
      "bonus": 1.0315895080566406
    },
    "P24": {
      "match_rate": 0.3348729792147806,
      "z_match": 0.5382570150880006,
      "n2": 17,
      "n3": 3,
      "n4": 1,
      "uniq_n3": 2,
      "n3_total": 2,
      "n_pred": 625,
      "n_test": 433,
      "bonus": 9.5367431640625e-05
    },
    "P25": {
      "match_rate": 0.2935606060606061,
      "z_match": 1.9107825163188135,
      "n2": 22,
      "n3": 3,
      "n4": 2,
      "uniq_n3": 1,
      "n3_total": 1,
      "n_pred": 548,
      "n_test": 528,
      "bonus": 9.5367431640625e-05
    },
    "P26": {
      "match_rate": 0.3612565445026178,
      "z_match": 2.7860750396475993,
      "n2": 17,
      "n3": 1,
      "n4": 1,
      "uniq_n3": 0,
      "n3_total": 0,
      "n_pred": 500,
      "n_test": 382,
      "bonus": 9.5367431640625e-05
    },
    "P27": {
      "match_rate": 0.33213644524236985,
      "z_match": 0.7337149347908888,
      "n2": 22,
      "n3": 1,
      "n4": 0,
      "uniq_n3": 1,
      "n3_total": 1,
      "n_pred": 814,
      "n_test": 557,
      "bonus": 9.5367431640625e-05
    },
    "P28": {
      "match_rate": 0.3544520547945205,
      "z_match": 1.8371568211484526,
      "n2": 28,
      "n3": 2,
      "n4": 0,
      "uniq_n3": 2,
      "n3_total": 2,
      "n_pred": 788,
      "n_test": 584,
      "bonus": 9.5367431640625e-05
    },
    "P29": {
      "match_rate": 0.35785288270377735,
      "z_match": 0.9156072165221594,
      "n2": 18,
      "n3": 1,
      "n4": 0,
      "uniq_n3": 1,
      "n3_total": 1,
      "n_pred": 762,
      "n_test": 503,
      "bonus": 9.5367431640625e-05
    },
    "P30": {
      "match_rate": 0.3668763102725367,
      "z_match": 0.26115524483269886,
      "n2": 25,
      "n3": 3,
      "n4": 0,
      "uniq_n3": 3,
      "n3_total": 3,
      "n_pred": 848,
      "n_test": 477,
      "bonus": 0.025272369384765625
    }
  }
}