{
  "spec": "HG_only_crfsplit",
  "split": "crf",
  "bands": [
    [
      70,
      170
    ]
  ],
  "SSL_EPOCHS": 80,
  "TARGET_RATIO": 1.7,
  "MIN_PRED_FRAMES": 3,
  "SMOOTH_LOGP_W": 31,
  "cohort": {
    "P21": {
      "match_rate": 0.343520782396088,
      "z_match": 1.2199049124406562,
      "n2": 31,
      "n3": 2,
      "n4": 0,
      "uniq_n3": 1,
      "n3_total": 2,
      "n_pred": 1164,
      "n_test": 818,
      "bonus": 9.5367431640625e-05
    },
    "P22": {
      "match_rate": 0.3196969696969697,
      "z_match": 1.8412976368841119,
      "n2": 32,
      "n3": 4,
      "n4": 0,
      "uniq_n3": 4,
      "n3_total": 4,
      "n_pred": 787,
      "n_test": 660,
      "bonus": 9.5367431640625e-05
    },
    "P23": {
      "match_rate": 0.3357771260997067,
      "z_match": -0.5899572849610126,
      "n2": 23,
      "n3": 2,
      "n4": 0,
      "uniq_n3": 2,
      "n3_total": 2,
      "n_pred": 1129,
      "n_test": 682,
      "bonus": 0.7868766784667969
    },
    "P24": {
      "match_rate": 0.36850393700787404,
      "z_match": 1.6165943728468957,
      "n2": 23,
      "n3": 1,
      "n4": 0,
      "uniq_n3": 1,
      "n3_total": 1,
      "n_pred": 951,
      "n_test": 635,
      "bonus": 9.5367431640625e-05
    },
    "P25": {
      "match_rate": 0.3274336283185841,
      "z_match": 2.5113018184000677,
      "n2": 35,
      "n3": 3,
      "n4": 0,
      "uniq_n3": 3,
      "n3_total": 3,
      "n_pred": 1051,
      "n_test": 904,
      "bonus": 9.5367431640625e-05
    },
    "P26": {
      "match_rate": 0.3338368580060423,
      "z_match": 1.5277539905161723,
      "n2": 24,
      "n3": 2,
      "n4": 0,
      "uniq_n3": 2,
      "n3_total": 2,
      "n_pred": 870,
      "n_test": 662,
      "bonus": 9.5367431640625e-05
    },
    "P27": {
      "match_rate": 0.3769968051118211,
      "z_match": 1.3073392978652223,
      "n2": 24,
      "n3": 3,
      "n4": 0,
      "uniq_n3": 3,
      "n3_total": 3,
      "n_pred": 1084,
      "n_test": 626,
      "bonus": 9.5367431640625e-05
    },
    "P28": {
      "match_rate": 0.37083333333333335,
      "z_match": 0.598454569888464,
      "n2": 33,
      "n3": 2,
      "n4": 0,
      "uniq_n3": 2,
      "n3_total": 2,
      "n_pred": 1615,
      "n_test": 960,
      "bonus": 9.5367431640625e-05
    },
    "P29": {
      "match_rate": 0.3488188976377953,
      "z_match": -0.766293681209367,
      "n2": 50,
      "n3": 4,
      "n4": 0,
      "uniq_n3": 4,
      "n3_total": 4,
      "n_pred": 1971,
      "n_test": 1270,
      "bonus": 0.07829666137695312
    },
    "P30": {
      "match_rate": 0.3591989987484355,
      "z_match": 0.5347803289364252,
      "n2": 29,
      "n3": 3,
      "n4": 0,
      "uniq_n3": 3,
      "n3_total": 3,
      "n_pred": 1365,
      "n_test": 799,
      "bonus": 0.7172584533691406
    }
  }
}