{
  "spec": "HG_only",
  "bands": [
    [
      70,
      170
    ]
  ],
  "SSL_EPOCHS": 80,
  "TARGET_RATIO": 1.7,
  "MIN_PRED_FRAMES": 3,
  "SMOOTH_LOGP_W": 31,
  "cohort": {
    "P21": {
      "match_rate": 0.34782608695652173,
      "z_match": 2.585533538227496,
      "n2": 17,
      "n3": 1,
      "n4": 0,
      "uniq_n3": 1,
      "n3_total": 1,
      "n_pred": 612,
      "n_test": 483,
      "bonus": 9.5367431640625e-05
    },
    "P22": {
      "match_rate": 0.3087971274685817,
      "z_match": 1.9005608530279856,
      "n2": 23,
      "n3": 2,
      "n4": 0,
      "uniq_n3": 2,
      "n3_total": 2,
      "n_pred": 636,
      "n_test": 557,
      "bonus": 9.5367431640625e-05
    },
    "P23": {
      "match_rate": 0.36046511627906974,
      "z_match": 1.821196123007371,
      "n2": 27,
      "n3": 3,
      "n4": 0,
      "uniq_n3": 3,
      "n3_total": 3,
      "n_pred": 825,
      "n_test": 516,
      "bonus": 1.1155128479003906
    },
    "P24": {
      "match_rate": 0.3787528868360277,
      "z_match": 2.181804498840236,
      "n2": 12,
      "n3": 2,
      "n4": 0,
      "uniq_n3": 2,
      "n3_total": 2,
      "n_pred": 697,
      "n_test": 433,
      "bonus": 0.036716461181640625
    },
    "P25": {
      "match_rate": 0.3371212121212121,
      "z_match": 2.912920617235991,
      "n2": 27,
      "n3": 3,
      "n4": 0,
      "uniq_n3": 3,
      "n3_total": 3,
      "n_pred": 663,
      "n_test": 528,
      "bonus": 9.5367431640625e-05
    },
    "P26": {
      "match_rate": 0.3717277486910995,
      "z_match": 2.593738041315524,
      "n2": 14,
      "n3": 1,
      "n4": 0,
      "uniq_n3": 1,
      "n3_total": 1,
      "n_pred": 528,
      "n_test": 382,
      "bonus": 9.5367431640625e-05
    },
    "P27": {
      "match_rate": 0.3500897666068223,
      "z_match": 2.376547879746613,
      "n2": 19,
      "n3": 0,
      "n4": 0,
      "uniq_n3": 0,
      "n3_total": 0,
      "n_pred": 831,
      "n_test": 557,
      "bonus": 0.11205673217773438
    },
    "P28": {
      "match_rate": 0.3202054794520548,
      "z_match": -0.32185559838180355,
      "n2": 18,
      "n3": 3,
      "n4": 2,
      "uniq_n3": 1,
      "n3_total": 1,
      "n_pred": 781,
      "n_test": 584,
      "bonus": 9.5367431640625e-05
    },
    "P29": {
      "match_rate": 0.3121272365805169,
      "z_match": 1.3767218116654891,
      "n2": 18,
      "n3": 1,
      "n4": 0,
      "uniq_n3": 1,
      "n3_total": 1,
      "n_pred": 585,
      "n_test": 503,
      "bonus": 9.5367431640625e-05
    },
    "P30": {
      "match_rate": 0.3584905660377358,
      "z_match": -0.39487730703981316,
      "n2": 17,
      "n3": 0,
      "n4": 0,
      "uniq_n3": 0,
      "n3_total": 0,
      "n_pred": 868,
      "n_test": 477,
      "bonus": 0.17499923706054688
    }
  }
}